Image Index,Method,Jaccard Index (IoU),F1 Score,Pixel Accuracy
0,LRP,0.5733187953085401,0.004625550346577473,0.0023182806948764865
0,saliency,0.36997770891099874,0.0032370160515325344,0.001621783616410639
0,rollout,0.294749250442047,0.0027356052508779767,0.0013705918556910484
0,CAM,0.0,0.0,0.0
1,LRP,0.7952915708293871,0.00803680688009735,0.004038494173451882
1,saliency,0.0,0.0,0.0
1,rollout,0.4351362683438155,0.007076158364669664,0.0035651150503643782
1,CAM,0.419393575502852,0.005726642002889966,0.0028794367269371957
2,LRP,0.0,0.0,0.0
2,saliency,0.001574728001527009,1.298858991735124e-05,6.494986460905495e-06
2,rollout,0.00482090751469531,4.484521026601274e-05,2.2437225955855347e-05
2,CAM,0.0,0.0,0.0
3,LRP,0.7724680574604779,0.007508559484161051,0.003771450321953076
3,saliency,0.1675736373844692,0.0013665291919515658,0.000683731765684419
3,rollout,0.4171968474029057,0.006154132765941949,0.0030968819716850463
3,CAM,0.0,0.0,0.0
4,LRP,0.29709874900186317,0.0023860152401860373,0.0011944922797830094
4,saliency,0.17496132026817948,0.001450868585947338,0.0007260912128944382
4,rollout,0.3266739951249821,0.0029200139400226573,0.001462883843812376
4,CAM,0.01639940743820984,0.00013502292447457412,6.752594772828158e-05
5,LRP,0.3417747246046909,0.0027580325072575486,0.0013809498234640916
5,saliency,0.44606158378340466,0.004166527443916162,0.0020889986684871293
5,rollout,0.1479399129256408,0.0016812188263087319,0.0008427275861315716
5,CAM,0.47181113460183227,0.003950057066213196,0.0019792847671938354
6,LRP,0.5283384301732925,0.00491881301250487,0.00246686650363676
6,saliency,0.6001602564102564,0.006388365422841841,0.0032084019102865905
6,rollout,0.4618941699836104,0.007453477163749333,0.0037557483272617543
6,CAM,0.0,0.0,0.0
7,LRP,0.45011356262167423,0.0036441039019460887,0.0018254406355125675
7,saliency,0.0,0.0,0.0
7,rollout,0.3746614684086783,0.004126613510307765,0.0020706859038085884
7,CAM,0.0,0.0,0.0
8,LRP,0.1692942193840218,0.0013361691269854186,0.0006685311988668856
8,saliency,0.017960486928756736,0.00014183938895591237,7.092472443774425e-05
8,rollout,0.12705707931801336,0.0010498155779051883,0.0005252807677802811
8,CAM,0.03968410229485244,0.00031760524941598016,0.00015883635818526921
9,LRP,0.6748378481495613,0.005637459183201886,0.002826984173283941
9,saliency,0.2545160420598544,0.0030075080175655674,0.0015087904223774079
9,rollout,0.36439709364029715,0.007068478008695645,0.0035669947300220124
9,CAM,0.05485982063504888,0.0005420090976107297,0.00027131056588831036
10,LRP,0.7836865767501605,0.007070065613360929,0.003549078030852139
10,saliency,0.47995606809445357,0.005065324722667676,0.0025421194877600145
10,rollout,0.43934901911310165,0.008029744062716164,0.00405168472133833
10,CAM,0.0,0.0,0.0
11,LRP,0.16429931175867624,0.0014761720569312989,0.0007389498350534882
11,saliency,0.0,0.0,0.0
11,rollout,0.25996932515337423,0.003996112598429322,0.002009390326870047
11,CAM,0.008702475212211997,8.030185599310194e-05,4.0174634526080914e-05
12,LRP,0.21840498179958484,0.0017403396466990659,0.0008709543212050744
12,saliency,0.0,0.0,0.0
12,rollout,0.48474842767295595,0.004425699778786787,0.002219134026673756
12,CAM,0.0,0.0,0.0
13,LRP,0.12416580310880829,0.0009780806110824321,0.0004892797428141172
13,saliency,0.025908883638021806,0.00020415197759162564,0.00010208640936699157
13,rollout,0.3497587516682065,0.00277849747957576,0.0013912335868533612
13,CAM,0.017410769804750655,0.00013719472234768917,6.860206709461835e-05
14,LRP,0.6135691137100183,0.005209549944294484,0.0026120302754373778
14,saliency,0.7662799129804206,0.006318220805284656,0.003169287394711996
14,rollout,0.5469837858044017,0.006980990130540221,0.0035108998052899238
14,CAM,0.0,0.0,0.0
15,LRP,0.7963450773789924,0.006674794543421008,0.003349020254060263
15,saliency,0.04830771560536079,0.00044141725381042373,0.00022086778189895056
15,rollout,0.4482571940199059,0.0073938194565844936,0.003726364897116464
15,CAM,0.0,0.0,0.0
16,LRP,0.8270763878823018,0.008095454287497871,0.004067422554307148
16,saliency,0.05655674846625767,0.000838010449564199,0.0004205712069823374
16,rollout,0.13157305884985454,0.001671417272306705,0.0008382910837478455
16,CAM,0.0,0.0,0.0
17,LRP,0.8145829125429206,0.007156111195641036,0.0035919642602673355
17,saliency,0.0,0.0,0.0
17,rollout,0.3502824858757062,0.0062991040783385915,0.0031751432154359166
17,CAM,0.0,0.0,0.0
18,LRP,0.06459867681937337,0.000551094294896148,0.00027567492412946653
18,saliency,0.310931317545621,0.0027995610033116174,0.0014023463531803297
18,rollout,0.2597145324325697,0.002716858497528897,0.0013618607604579346
18,CAM,0.0,0.0,0.0
19,LRP,0.1279682370008399,0.001029745577270394,0.0005151380191836661
19,saliency,0.09331709014966934,0.0008233762695956873,0.00041201820687094534
19,rollout,0.15142823694685084,0.0015870819991343746,0.0007951444245991314
19,CAM,0.1657717868809372,0.0013559898818277084,0.0006785007024749062
20,LRP,0.29674551341858296,0.002395107195111093,0.001199005936043999
20,saliency,0.4718450689401116,0.003967802648948594,0.00198821661227492
20,rollout,0.33605777121286723,0.004517980906477839,0.0022702834794189864
20,CAM,0.0,0.0,0.0
21,LRP,0.14289307648772717,0.0011258654667564562,0.000563249805130605
21,saliency,0.08068935226821157,0.000637320307638378,0.00031876452225229195
21,rollout,0.042123783895673776,0.0003362075915839392,0.0001681404361802525
21,CAM,0.012388119143941142,9.765714559069312e-05,4.8830957141292004e-05
22,LRP,0.21134534304331162,0.0017095084977050764,0.0008555175997843984
22,saliency,0.3161660608379568,0.0025606734419303073,0.0012820351699344367
22,rollout,0.3296661273716723,0.0034672039538562087,0.0017388077150496469
22,CAM,0.14211534212270752,0.0011965175417409128,0.0005987381968748628
23,LRP,0.6954793840039741,0.005662227884450107,0.002839151904766733
23,saliency,0.5910379165070854,0.006232051856228276,0.0031295565853114446
23,rollout,0.5737554484973618,0.008058318901284788,0.004057553665040914
23,CAM,0.5667095322295451,0.005697885980056995,0.0028598371543586054
24,LRP,0.6768914439175864,0.00549625592906351,0.0027557786616527018
24,saliency,0.5603765375944311,0.004827830493671906,0.002420424777031522
24,rollout,0.13699444372657965,0.0018049496684286008,0.0009056092421685558
24,CAM,0.09179184336728627,0.0007907946854909491,0.0003956594991251415
25,LRP,0.17014005226831067,0.001522113813827316,0.0007619334564110444
25,saliency,0.5271567686188452,0.004601675507945777,0.0023068068056052373
25,rollout,0.08434346281783842,0.0008963663310186191,0.0004489375544666886
25,CAM,0.4376827485380117,0.00429944867125494,0.0021561606476224317
26,LRP,0.5892544013467069,0.004783335022484693,0.0023974012980382746
26,saliency,0.05429336261926007,0.0004513147752241311,0.00022572841646807226
26,rollout,0.21240236482112804,0.0027981418109867145,0.001404595784899939
26,CAM,0.5860595540125517,0.004996428276664836,0.0025049861438138287
27,LRP,0.36359889674412704,0.002972650141316869,0.0014886897738733583
27,saliency,0.3238858546359435,0.002598291484645399,0.0013008674613095121
27,rollout,0.25006349367602987,0.0025499332798536237,0.0012780224530087266
27,CAM,0.0,0.0,0.0
28,LRP,0.7493400791904972,0.006305790581668225,0.0031632977599691703
28,saliency,0.03512501265310254,0.00032201307354518763,0.00016111321337286102
28,rollout,0.38280658591975775,0.007442761521171303,0.003756677260518209
28,CAM,0.3322237557846878,0.003786478514834307,0.0018999287294574848
29,LRP,0.6609338061465722,0.005319567689393948,0.002666887337305087
29,saliency,0.227078111946533,0.0020710140182743533,0.001037136102113907
29,rollout,0.11035628576702972,0.00142115152736941,0.0007128074980957619
29,CAM,0.0,0.0,0.0
30,LRP,0.14659827213822893,0.0011817554264106286,0.0005912516800789425
30,saliency,0.28513398414466357,0.002366172540573104,0.0011846810827364446
30,rollout,0.3329922825070159,0.0030939520042241367,0.0015504023682733042
30,CAM,0.004412862195398942,3.701307731895775e-05,1.8510641917756947e-05
31,LRP,0.7719856744926383,0.007876709200219654,0.003957770184117917
31,saliency,0.0,0.0,0.0
31,rollout,0.3174744691197925,0.007892944509597676,0.003995511807007701
31,CAM,0.7061769616026711,0.007726223394809609,0.0038833069822002348
32,LRP,0.6173901173901174,0.005066123950344593,0.0025394960983952273
32,saliency,0.37097581317764805,0.004969346572262489,0.002497386390816266
32,rollout,0.40540540540540543,0.007742516818559792,0.00390778086332761
32,CAM,0.4754771188179766,0.005183106027178311,0.0026018184656120898
33,LRP,0.47110195967054813,0.0044691616061634685,0.002241120972568814
33,saliency,0.17210223404913672,0.0018743314985418496,0.0009393455048551429
33,rollout,0.3838241226300928,0.006379862298232245,0.0032139059614155643
33,CAM,0.4412551690586232,0.004882548992032213,0.002450877735788895
34,LRP,0.8775494787732285,0.007189153580358765,0.0036076956306107244
34,saliency,0.46384257993987427,0.005248413678407565,0.002635353802303745
34,rollout,0.13793103448275862,0.0019081790904036968,0.0009577458315230674
34,CAM,0.0,0.0,0.0
35,LRP,0.04446648483345731,0.0003657459228337287,0.00018290945709889281
35,saliency,0.05822939781161527,0.0005171372207645884,0.00025872508708598037
35,rollout,0.32508748642452034,0.005456683272349058,0.0027477216213257468
35,CAM,0.7951726199372291,0.007206129781442506,0.003617731473957841
36,LRP,0.5413845713740822,0.004833235292364978,0.0024235131357399995
36,saliency,0.30999022846773067,0.002838190749253388,0.001421879745512979
36,rollout,0.5442366515661904,0.0059733079487577214,0.002999991249314085
36,CAM,0.3648566198901769,0.0035642936284845475,0.0017868473775795048
37,LRP,0.4179503235232728,0.003364383537707088,0.0016850263062361962
37,saliency,0.07849211457998069,0.0006563941487054047,0.0003283546068184997
37,rollout,0.023088943457601173,0.00024336653908411154,0.00012184968494956113
37,CAM,0.214924547438301,0.002347699184297911,0.0011769265840501119
38,LRP,0.14964946971058782,0.0012861269387977377,0.000643624024610018
38,saliency,0.08530124809194577,0.0007340257643043271,0.0003672329269546649
38,rollout,0.38928956312691704,0.0071972216517439775,0.00363058068416654
38,CAM,0.40809284818067754,0.004011819603798123,0.0020116633177600803
39,LRP,0.36688327316486163,0.00295703492653192,0.001480780356871563
39,saliency,0.0252399746625737,0.00020125070709707898,0.00010063555823398972
39,rollout,0.008425520967326988,7.630644941916327e-05,3.817545790150382e-05
39,CAM,0.0246609719608127,0.000198523737086973,9.927561825785472e-05
40,LRP,0.6536299834007979,0.005243744157150188,0.0026288293270770825
40,saliency,0.36595174262734587,0.003000776679865469,0.0015028072664613967
40,rollout,0.1448210293701981,0.0013186022348389403,0.0006601061299802378
40,CAM,0.020094770094770096,0.00016091314344177053,8.046361094684588e-05
41,LRP,0.40321295247682565,0.0032886859351116573,0.0016471370776844538
41,saliency,0.3131907736665065,0.0026759306351973665,0.0013400872864423295
41,rollout,0.32719245306991074,0.003519042148224747,0.0017650222653934839
41,CAM,0.004352387984300315,3.8366051525264644e-05,1.919061195263277e-05
42,LRP,0.74496336996337,0.007194159774904306,0.003612579860144829
42,saliency,0.5665989087407725,0.007787410744744674,0.003919734263332721
42,rollout,0.3730470048534007,0.00821430688949188,0.004152875557318712
42,CAM,0.20738349808351825,0.003029162317279706,0.0015217095251911018
43,LRP,0.2572473708276177,0.002035968536216066,0.0010190216160820666
43,saliency,0.011728395061728396,9.291393588594299e-05,4.645912629311235e-05
43,rollout,0.26913183279742764,0.002270871465690623,0.0011370259855945917
43,CAM,0.020168600435097897,0.00016118455069625388,8.060160312060426e-05
44,LRP,0.6129472112200507,0.005352294668768652,0.002684175223186042
44,saliency,0.274653157561453,0.00270713467016194,0.001356588981972522
44,rollout,0.2470049804818953,0.003118617950889557,0.0015652949791990637
44,CAM,0.5582913635515762,0.005090597786647315,0.0025530942085791814
45,LRP,0.7166666666666667,0.005878845520867372,0.0029480907753569887
45,saliency,0.631907237105158,0.006238362773189882,0.003131578613640399
45,rollout,0.37954383464005703,0.006698329112809454,0.0033764932660359653
45,CAM,0.0,0.0,0.0
46,LRP,0.5697816845594063,0.005038566569862644,0.002526545823994837
46,saliency,0.5233285509325681,0.005801361115484876,0.0029134511088782142
46,rollout,0.33743685528717576,0.005049056644521068,0.0025396450120049267
46,CAM,0.0,0.0,0.0
47,LRP,0.3601383937932481,0.002907173977224175,0.0014557441077326923
47,saliency,0.13975682651813612,0.0011617731735986975,0.0005813087824667665
47,rollout,0.08416220351951033,0.0008996644308078381,0.00045063791399003284
47,CAM,0.11901672925913281,0.0009842986575589394,0.0004924525919025876
48,LRP,0.7423669331253656,0.00622597564158159,0.003123295357137291
48,saliency,0.23305300713557595,0.0023948830162170177,0.0012002326312016188
48,rollout,0.19201011066243334,0.0020390676723972137,0.0010219039174077205
48,CAM,0.32136546486710027,0.002799808454845064,0.0014023494438916673
49,LRP,0.7484808454425363,0.00749132006420376,0.0037627739068298396
49,saliency,0.6685525695426685,0.007494694781461994,0.003766758489152639
49,rollout,0.5027685492801772,0.008371716873698505,0.0042210008739517225
49,CAM,0.519845644983462,0.007464429184889082,0.003757461130399441
50,LRP,0.13200605364784468,0.0010501024882592564,0.0005253270677601306
50,saliency,0.22496816610794937,0.0017962434919371864,0.00089894374888307
50,rollout,0.13498719872870132,0.0012684466330011197,0.0006350860538487762
50,CAM,0.21747003315480745,0.0017691598119590804,0.0008854445358352706
51,LRP,0.6906565656565656,0.005804655035756689,0.0029113998591239866
51,saliency,0.15887994256115698,0.001401758578079265,0.0007016622010631383
51,rollout,0.3104068907887125,0.00327157382415748,0.0016405713858621183
51,CAM,0.013601287958696497,0.00011096459255726509,5.5489747985948634e-05
52,LRP,0.7689568185190682,0.006627984239671594,0.003325696169224154
52,saliency,0.08102212527267061,0.0006672269662344662,0.00033372481821624083
52,rollout,0.45356420058466385,0.007702667610352711,0.003883401682743218
52,CAM,0.6599251973957612,0.00609310401059003,0.003057432757658022
53,LRP,0.2646101038549551,0.0021265113331418897,0.0010643873824868005
53,saliency,0.16733287974145264,0.0013919383599464165,0.0006965515300325229
53,rollout,0.29692617787855885,0.0033269139326871588,0.0016688914422227764
53,CAM,0.3479931682322801,0.0031671383518374523,0.0015869337907856588
54,LRP,0.044017272600640756,0.0004023731527124959,0.00020133565393204496
54,saliency,0.01012263099219621,9.634543105136845e-05,4.821011966516267e-05
54,rollout,0.25777988936776736,0.0032141347457021103,0.001613233784037778
54,CAM,0.6087744209959359,0.005265526219106114,0.002640512853731134
55,LRP,0.5898334794040315,0.004735918826223982,0.0023735847377141
55,saliency,0.055367656269572844,0.00044529436190510094,0.0002226967637592087
55,rollout,0.03845246520405756,0.00038281204130075574,0.00019162670245042015
55,CAM,0.005584527573604895,4.567724492323452e-05,2.28406937188932e-05
56,LRP,0.41123791409098115,0.004017216198462402,0.0020142640483174937
56,saliency,0.7284575792794289,0.006785506467496264,0.0034062761657325125
56,rollout,0.5282606377306175,0.007637704371423561,0.003845695495602507
56,CAM,0.16276610742986042,0.0017884882239785225,0.0008963067426411819
57,LRP,0.16226169844020796,0.0013046925733205873,0.000652772120128895
57,saliency,0.09533131889177342,0.0007805247914186874,0.0003904431372733578
57,rollout,0.30750833910252373,0.003395684263216959,0.0017033081863550234
57,CAM,0.020919985174813655,0.00017704105156808535,8.854692577449363e-05
58,LRP,0.7752970831832913,0.0063353979694652255,0.0031779246661124937
58,saliency,0.5868672348290379,0.00560429948952877,0.0028121115388087875
58,rollout,0.3358200346087291,0.0042775305722452285,0.002148383349524726
58,CAM,0.6491467576791808,0.006060491677792438,0.003041390513016625
59,LRP,0.7117774709015585,0.005766358593027682,0.002891526869908806
59,saliency,0.09003586065573771,0.0007508317357243176,0.00037559929592496135
59,rollout,0.3157028195101873,0.00407965377728335,0.0020489662871582175
59,CAM,0.1921370401572592,0.001824833092582675,0.0009138870493309337
60,LRP,0.7703516272576564,0.006442291906090954,0.0032318805672062042
60,saliency,0.1685767994663756,0.002029248181797279,0.0010176269086910462
60,rollout,0.48051274800885996,0.0074096817855618035,0.0037322748061201106
60,CAM,0.6933254176914596,0.005965790297545159,0.002992482006672411
61,LRP,0.2321190312537905,0.0018239432502980071,0.0009128040765661522
61,saliency,0.0426353454898314,0.00033526930558636716,0.00016766275888155504
61,rollout,0.37057557397959184,0.002951867603165741,0.0014781988329272805
61,CAM,0.02735212064852626,0.0002151003463783294,0.00010756174147308865
62,LRP,0.6535590611773759,0.005296223392994056,0.0026551428112313196
62,saliency,0.0,0.0,0.0
62,rollout,0.23184690377324427,0.0039884229517249264,0.002007379252433334
62,CAM,0.0,0.0,0.0
63,LRP,0.4576910117092073,0.003602644834967188,0.0018045730353461495
63,saliency,0.39472243281947605,0.0031077674704144036,0.0015563020476461087
63,rollout,0.22648800772881925,0.0017892509884101864,0.0008954362312231573
63,CAM,0.03334807048569444,0.00026301607876733795,0.00013152549983841627
64,LRP,0.08468244084682441,0.0007945157171778971,0.0003976360853684274
64,saliency,0.38359059169423004,0.0044217654653232975,0.002219426011247573
64,rollout,0.40156176053005205,0.00715649131611228,0.0036084943148140176
64,CAM,0.01051347038392941,0.00011889016035310378,5.9539092996342066e-05
65,LRP,0.47053653177073795,0.0037805631444233676,0.0018938615037124727
65,saliency,0.06272604391188397,0.0005060561689926977,0.0002530946607934554
65,rollout,0.11018095987411487,0.001030919638621589,0.0005160654673487988
65,CAM,0.5021204103084562,0.004075514550996152,0.002042003690140791
66,LRP,0.001835236541598695,1.5655073504918737e-05,7.829275400561679e-06
66,saliency,0.02379641524438735,0.000225418516421652,0.00011279956040068491
66,rollout,0.3509023094601213,0.0053675587721464385,0.002700810040030795
66,CAM,0.3759121688251923,0.003309457739156505,0.001658066545941173
67,LRP,0.7065801826406076,0.005738659147283356,0.002877606320932179
67,saliency,0.6829813473100046,0.006138165172822496,0.003079897283461775
67,rollout,0.1980707693734638,0.0029545019837913986,0.0014845097954706288
67,CAM,0.5634119688886032,0.0060664387512895076,0.0030465297020135945
68,LRP,0.012168424643902994,9.713278982847212e-05,4.856875372350989e-05
68,saliency,0.014571156721489738,0.00012161919622871579,6.082442055093761e-05
68,rollout,0.2619344218534502,0.002665895085312039,0.0013362081193792731
68,CAM,0.0004081743720917576,3.403737371708884e-06,1.702175948253851e-06
69,LRP,0.6095380029806259,0.004981365551847612,0.002496917811850447
69,saliency,0.2520265829255824,0.002214555875984871,0.0011088487155701831
69,rollout,0.40780383795309166,0.006105625469071077,0.003072709436974112
69,CAM,0.27328556806550663,0.002568816048397649,0.0012868557246764948
70,LRP,0.601063829787234,0.006023941762639715,0.003023702018179872
70,saliency,0.541904917497141,0.0065406711631726885,0.0032873220564741514
70,rollout,0.2405695584773497,0.008164156042547138,0.00415251112952267
70,CAM,0.0017096939647803042,1.978846134818787e-05,9.910527755424032e-06
71,LRP,0.7853662138216184,0.006488282114922561,0.003254973649921877
71,saliency,0.5886048526863085,0.004975200295911803,0.0024942455786888425
71,rollout,0.4621658928347346,0.00671751566827547,0.0033810476504641178
71,CAM,0.4375270746952163,0.004313761142103346,0.0021634543296933035
72,LRP,0.6267720828789531,0.005322732629346571,0.0026687453240366427
72,saliency,0.17372152986678127,0.0018729639335717493,0.0009385300541468576
72,rollout,0.26584622506847727,0.0078819052455675,0.003999635499768705
72,CAM,0.5333971750059852,0.005155736566853334,0.002586326481928508
73,LRP,0.7186968149769025,0.005971150214020083,0.002994712650432136
73,saliency,0.6081504702194357,0.006844740814665286,0.0034394619242953664
73,rollout,0.4245833552389464,0.008103767559542773,0.004090882842505063
73,CAM,0.3744871672550329,0.003963733604785968,0.0019882014805389266
74,LRP,0.5870881782945736,0.004849640629322667,0.002430753368050262
74,saliency,0.5632050134288272,0.006280734140048092,0.003154914264164266
74,rollout,0.4344778844454915,0.0073396996463970104,0.003699539425646128
74,CAM,0.4858076563958917,0.005198526667802356,0.0026092861097514984
75,LRP,0.3897742192930515,0.003167374287510765,0.0015863402899000208
75,saliency,0.13874397575396233,0.0011694100342081225,0.0005851856353429073
75,rollout,0.29217451523545707,0.002647364353951171,0.001326176291232798
75,CAM,0.03242617255356109,0.00025813989254507914,0.00012908660747403076
76,LRP,0.10664710933028049,0.0008539856435301779,0.0004271755898025262
76,saliency,0.0,0.0,0.0
76,rollout,0.1566875,0.0014351417674769798,0.0007185033234719444
76,CAM,0.0,0.0,0.0
77,LRP,0.2653901970881513,0.0021555465017617194,0.001078977991437456
77,saliency,0.2489565757925584,0.0021315266360997054,0.0010671775618256863
77,rollout,0.42127117100710254,0.0043877835547268445,0.0022013511111246458
77,CAM,0.37929440051787117,0.003117399959982663,0.0015612729694410746
78,LRP,0.707871608712266,0.0059145951615259176,0.002966247228900615
78,saliency,0.2900836320191159,0.003870272544975181,0.001943872677940808
78,rollout,0.2965643016825509,0.007964086566982612,0.004035857565691768
78,CAM,0.5953812084783296,0.0060032855388443196,0.003013483014731961
79,LRP,0.7426538343401249,0.00687476083229768,0.0034513235386831585
79,saliency,0.6601180731259612,0.006306479450266092,0.0031655966778602125
79,rollout,0.35157237119191354,0.004741962581716248,0.002383119038187716
79,CAM,0.0,0.0,0.0
80,LRP,0.5118060788746546,0.004225674889536192,0.00211735938525393
80,saliency,0.5417224453369032,0.005030901817123196,0.0025231649508694683
80,rollout,0.4357479533614488,0.007244049512346382,0.003650691298354383
80,CAM,0.5013004636435598,0.004593960905216524,0.002303375252719183
81,LRP,0.6496272630457934,0.005883764307011928,0.0029514938913753476
81,saliency,0.49711815561959655,0.005815927694652959,0.0029212531752751906
81,rollout,0.5155968806238752,0.0082514211380865,0.004158703278093625
81,CAM,0.4671982095397958,0.008012532176074194,0.004040159670981009
82,LRP,0.6026974774443012,0.004870292609992153,0.002441148064868574
82,saliency,0.3967033870437356,0.0035905079781935515,0.0017993981497018716
82,rollout,0.178408580052662,0.002065980485483103,0.0010358984685259142
82,CAM,0.0006058770069675856,5.219028653026487e-06,2.6102553202596833e-06
83,LRP,0.6459155558865143,0.006096821660937571,0.0030597814411591753
83,saliency,0.0022458825486607885,1.904518045837517e-05,9.52433697386416e-06
83,rollout,0.49075649313825565,0.006073830661264275,0.003052726376734091
83,CAM,0.4350097975179621,0.005145600620337765,0.0025842700989084757
84,LRP,0.00683115823817292,5.730493602908867e-05,2.86578849497129e-05
84,saliency,0.07259786476868327,0.0006105064831042973,0.0003053989530461942
84,rollout,0.37871355534061074,0.004668189374429411,0.0023445999455500187
84,CAM,0.3683978657790396,0.003212847976708346,0.0016095465830711884
85,LRP,0.469583528310716,0.003971011811633165,0.0019897281646666116
85,saliency,0.3850608977088834,0.0044644113538838456,0.0022410465950318263
85,rollout,0.46606126788895913,0.007971111723845067,0.0040196077945395
85,CAM,0.0003096934035305048,2.972093527820529e-06,1.487091303936182e-06
86,LRP,0.0,0.0,0.0
86,saliency,0.0,0.0,0.0
86,rollout,0.3359395883453622,0.007319303333944853,0.0036983140925851265
86,CAM,0.0,0.0,0.0
87,LRP,0.705710102489019,0.005881035403867993,0.002949251716973232
87,saliency,0.633890214797136,0.006931522507874951,0.003482459644463947
87,rollout,0.36101364522417156,0.008005415326307126,0.004047135580790179
87,CAM,0.0066139468008626886,8.026081274541706e-05,4.0209122400939144e-05
88,LRP,0.36033695863274423,0.0028831954266689266,0.0014437225885538466
88,saliency,0.01254861671681221,9.979016831469579e-05,4.9897573800991944e-05
88,rollout,0.21247799062347525,0.0019453577066299193,0.0009742185169410044
88,CAM,0.018873898007890508,0.00015074863229656203,7.538132494301901e-05
89,LRP,0.5234972237869155,0.004201393715734108,0.002105121799684175
89,saliency,0.020888674233276987,0.00016792967144187683,8.397188640658573e-05
89,rollout,0.19573566008172294,0.0020569149762200483,0.0010307993994149473
89,CAM,0.0,0.0,0.0
90,LRP,0.44547255447729384,0.003559078193739268,0.0017827800209016282
90,saliency,0.29932375734241573,0.002430966601870289,0.0012170873117644213
90,rollout,0.18919666313315206,0.001645804771470686,0.0008239022781650643
90,CAM,7.476635514018692e-05,6.020828453953607e-07,3.010605157728615e-07
91,LRP,0.05960523744381473,0.0004908708088384105,0.00024549565774524714
91,saliency,0.06048109965635739,0.0005661714944715846,0.00028332613615189177
91,rollout,0.3901345291479821,0.0062579048007240946,0.0031511983608939103
91,CAM,0.22217033993276056,0.0019126700117622372,0.0009574330652064639
92,LRP,0.39451460245247993,0.0032337529311176763,0.0016196834312685957
92,saliency,0.015787075504569942,0.0001264388999042907,6.322443773723924e-05
92,rollout,0.3342453884214607,0.003139855961597756,0.0015735263714604245
92,CAM,0.03487339558162689,0.0002781917621323055,0.0001391152314218371
93,LRP,0.1655654089143917,0.0013120280915939373,0.0006564446827291277
93,saliency,0.27557864094294926,0.0022164248419999652,0.0011095098645952138
93,rollout,0.21503917251267346,0.0019272838709699625,0.0009650759478806132
93,CAM,0.0,0.0,0.0
94,LRP,0.04562689585439838,0.0004983479283013997,0.00024956792257172487
94,saliency,0.0,0.0,0.0
94,rollout,0.33200916730328495,0.0059617956720052125,0.0030044936052540617
94,CAM,0.14223826714801444,0.0016303380813596634,0.0008171448323539578
95,LRP,0.7338939566704675,0.005968644043237604,0.002993336643114512
95,saliency,0.12514764609933068,0.0012912121551520526,0.0006467444193950076
95,rollout,0.08495082252589434,0.0011311679656940863,0.000567391059172609
95,CAM,0.0,0.0,0.0
96,LRP,0.8421870584910992,0.007157793872107118,0.003592322878775826
96,saliency,0.5411358237961563,0.006013803430699675,0.00302041977326362
96,rollout,0.45636825755436317,0.007726576722492299,0.0038954496038260257
96,CAM,0.37129451908722544,0.004181532804377039,0.0020983842080015812
97,LRP,0.6743115281035531,0.005590404555293833,0.0028032296730636785
97,saliency,0.44531492398386596,0.004135778300383141,0.002073349852236354
97,rollout,0.09934021001765635,0.0015374171966369538,0.0007721341202022861
97,CAM,0.0,0.0,0.0
98,LRP,0.22031849257962313,0.0017788467687593443,0.0008902256591501974
98,saliency,0.0,0.0,0.0
98,rollout,0.2683442444080742,0.002645388377131542,0.0013256529683088086
98,CAM,0.012253233492171545,0.00010306399836444844,5.154381299904644e-05
99,LRP,0.7556142668428005,0.006093453943434114,0.0030560378847671664
99,saliency,0.021023921813739417,0.0001796524211198415,8.985489648473074e-05
99,rollout,0.15308801964328342,0.0021712695905205144,0.0010901584603242062
99,CAM,0.024095083738519717,0.00021650212181787996,0.0001083115779248376
100,LRP,0.6487221315932572,0.006600867020840038,0.0033144781294452345
100,saliency,0.5559926567007606,0.0078000465427305495,0.003926623992413466
100,rollout,0.3105641592920354,0.008210092089378878,0.004159998814604078
100,CAM,0.3754856941010244,0.005867584676569864,0.0029533028093883355
101,LRP,0.7054163596168017,0.00645969984074284,0.0032418025743078892
101,saliency,0.5359964393012129,0.008095451371411813,0.0040782875425544795
101,rollout,0.41301775147928993,0.008191368885707269,0.004136706027178989
101,CAM,0.25957638575935105,0.0038806596110750385,0.0019506693996357734
102,LRP,0.39879781420765026,0.0032616315174251254,0.0016335253662002158
102,saliency,0.5177701692626706,0.004792301253063813,0.0024032833456963166
102,rollout,0.14607782581840642,0.0023174480723268283,0.001164597489769762
102,CAM,0.0,0.0,0.0
103,LRP,0.7164814376921258,0.0063254011828291455,0.0031737352979069058
103,saliency,0.4246127500583794,0.005682682351078303,0.0028568854868122394
103,rollout,0.33230236946949043,0.006579203427537687,0.0033198528140976694
103,CAM,0.5823010957598856,0.005106402534714189,0.0025604607048625187
104,LRP,0.5239107332624867,0.004225598320046104,0.002117272531649461
104,saliency,0.19546770490166718,0.0017678823717162295,0.0008851541831898461
104,rollout,0.03815886548077711,0.0004201701531161416,0.00021043885203006813
104,CAM,0.0,0.0,0.0
105,LRP,0.35344210107441304,0.003834755787968486,0.0019236766871697133
105,saliency,0.2583776124690046,0.0031481177760321805,0.0015797453001819284
105,rollout,0.4523561249317245,0.007825025220889468,0.003946114528285541
105,CAM,0.0,0.0,0.0
106,LRP,0.2795420974889217,0.00223180875161132,0.0011171510095056032
106,saliency,0.021600516839414625,0.00017457076080502773,8.729693387966759e-05
106,rollout,0.2142772497807693,0.0020489413934999764,0.0010263349534539333
106,CAM,0.34930167993427574,0.0027954619653934054,0.0013997024638963606
107,LRP,0.6936987322893363,0.006379768538362624,0.0032016038133588017
107,saliency,0.1431297709923664,0.0020565570321825466,0.0010324978704731422
107,rollout,0.28114690180553054,0.007952336879110736,0.004032764599089681
107,CAM,0.45615722924683894,0.0056831705208003356,0.002855717026750299
108,LRP,0.8543135783945986,0.007278616730464284,0.003653147326927815
108,saliency,0.7454113297240196,0.007212020630595065,0.0036217099860392545
108,rollout,0.38644529798042376,0.007923261975709448,0.0040021659686293835
108,CAM,0.24289086208834437,0.0027646963247833726,0.0013864508910240618
109,LRP,0.6148065238247522,0.005061851347446398,0.002537347511683677
109,saliency,0.627155507223862,0.005313303263660665,0.002664049910186477
109,rollout,0.4589583814139549,0.007808527472182285,0.003937013070144295
109,CAM,0.5133487748384737,0.005535246943521027,0.0027788739588296392
110,LRP,0.6985879332477535,0.007616099331177165,0.0038272949000346017
110,saliency,0.11195984286337844,0.0014389538553023907,0.0007215737904144618
110,rollout,0.3464756446991404,0.008401061040392068,0.004252081030064168
110,CAM,0.642443878731775,0.007764817767335179,0.003904656612457205
111,LRP,0.75814332247557,0.0062011393844286795,0.0031103097581207982
111,saliency,0.5822293590258263,0.005792197107762023,0.002907187488202705
111,rollout,0.5247429468672441,0.00688100739010895,0.0034610965729464523
111,CAM,0.5402783635596795,0.00511888793724667,0.0025677594845237867
112,LRP,0.6145146088595664,0.00505110760253671,0.002532044734861518
112,saliency,0.5071664829106945,0.00498525324931685,0.002500976701304935
112,rollout,0.4252432155657962,0.0076723979977550965,0.003870300280311333
112,CAM,0.38204045990394414,0.0040642948216239065,0.002038839702150762
113,LRP,0.8817583232866549,0.007612599701196655,0.003821759995240888
113,saliency,0.6991463508421134,0.007273477888139175,0.0036541459946082154
113,rollout,0.5473684210526316,0.007845278464279556,0.00395038464800457
113,CAM,0.269038112522686,0.0029705581298789573,0.0014896342598193868
114,LRP,0.8031130529765156,0.008045774190327289,0.004042717266842708
114,saliency,0.7245287824758023,0.007779993969102935,0.003910067754346849
114,rollout,0.40512890465148,0.008084217402843086,0.004082580850908821
114,CAM,0.0,0.0,0.0
115,LRP,0.7139927623642943,0.0057650837928972295,0.0028908890839266276
115,saliency,0.3677622177765076,0.0031367746361007465,0.0015712096947105862
115,rollout,0.24077533862680991,0.0030100344212471643,0.001510647058047822
115,CAM,0.2098186889818689,0.001834607298429779,0.0009184519213252277
116,LRP,0.7783216783216783,0.007329130990930776,0.003680260428851192
116,saliency,0.5732974220854175,0.007346095599491525,0.0036951401879974904
116,rollout,0.3906849315068493,0.008165422193718956,0.0041258265499542444
116,CAM,0.22648752399232247,0.0027223619291197147,0.001365631228315851
117,LRP,0.26284397451538566,0.002144309405747612,0.001073363678568819
117,saliency,0.0,0.0,0.0
117,rollout,0.06680890360793555,0.000772590919368464,0.00038712686911421387
117,CAM,0.3162792656223682,0.002767076687185499,0.0013859437149270069
118,LRP,0.7426900584795322,0.007218119184219916,0.0036248315230317926
118,saliency,0.08711871845512399,0.0010763625452946644,0.0005395793455731614
118,rollout,0.34499110847658565,0.007821942834410456,0.003955103011631989
118,CAM,0.6314428393080078,0.006389519779899496,0.003208027998323725
119,LRP,0.573669129844669,0.004876472940959296,0.0024445211302632874
119,saliency,0.41749767318175773,0.004024686452572146,0.0020178223840764255
119,rollout,0.20857807146353402,0.004344163796256297,0.002190686785769597
119,CAM,0.42864522794782384,0.004253026228703634,0.002132851112340655
120,LRP,0.7872198801863768,0.0077794307728233,0.003908237922245011
120,saliency,0.669175810155652,0.005759713957999661,0.0028887694337901755
120,rollout,0.4659437698850724,0.007839345847227798,0.003952299229147436
120,CAM,0.4499080882352941,0.005367433440261672,0.0026960012160920704
121,LRP,0.3986962884129307,0.003451075222385353,0.0017289101232100849
121,saliency,0.3648667122351333,0.003074318098046443,0.0015396933996822543
121,rollout,0.5184054283290924,0.007008217915215699,0.003525892116469816
121,CAM,0.36967418546365916,0.0033961408327797815,0.0017017967512411578
122,LRP,0.6495293265749457,0.005479631972766779,0.0027475136073904136
122,saliency,0.5732341129222773,0.007387820220066617,0.0037161882766626746
122,rollout,0.3151660222181305,0.0077691613466445465,0.003932129981591353
122,CAM,0.0,0.0,0.0
123,LRP,0.7619483890670331,0.006358721068774857,0.003189666248409162
123,saliency,0.47588659901663355,0.005787285147515977,0.0029077739006038634
123,rollout,0.37906385318578595,0.006989758704404182,0.003525252376748803
123,CAM,0.5228138840251313,0.006454960247821642,0.00324463845228956
124,LRP,0.09858609335657563,0.0008079592718683741,0.0004041443454330498
124,saliency,0.7285220669074918,0.007331869646518053,0.0036829539219866434
124,rollout,0.6789334814609083,0.007721205875791871,0.003881850107705659
124,CAM,0.5273678457093777,0.005343045852573388,0.002681327022647169
125,LRP,0.6646782586622668,0.005439371828894001,0.002727105617670936
125,saliency,0.5721978021978023,0.005404869572618787,0.00271148347359415
125,rollout,0.3387184508268059,0.006429248071199767,0.003242636372204873
125,CAM,0.4743047430474305,0.00546438171868803,0.002744289976155401
126,LRP,0.5949027498323273,0.004862145565621835,0.00243701403961865
126,saliency,0.48370418243929464,0.004782380683527168,0.0023990072441867918
126,rollout,0.41512231282431433,0.007624151132458734,0.003846470862983213
126,CAM,0.26372245844607656,0.0024945543029462067,0.00124964511727157
127,LRP,0.38745504548339327,0.0031687056793188537,0.0015869985408105145
127,saliency,0.09512011203274803,0.0007648219991563572,0.00038256066380990564
127,rollout,0.07898881917008806,0.0008817607542960255,0.00044177163857852066
127,CAM,0.0,0.0,0.0
128,LRP,0.6454293628808865,0.005224410478717441,0.002619046726940961
128,saliency,0.006448641179180101,5.720126469272366e-05,2.8612293544419393e-05
128,rollout,0.3355970085102725,0.005284670327401842,0.0026595808094622216
128,CAM,0.48180458624127614,0.005246181048883389,0.002633693496255366
129,LRP,0.6020697713236521,0.005134439176041372,0.002574166981865932
129,saliency,0.5662195121951219,0.0065939200449914685,0.003313517409704331
129,rollout,0.31136110622839397,0.007496094314803517,0.003792382406885379
129,CAM,0.08557275541795666,0.000984197295237824,0.0004931381714636426
130,LRP,0.5714880506286951,0.004553413202178048,0.002281904351090308
130,saliency,0.0012589288157858725,1.0195832010368717e-05,5.0982369299215195e-06
130,rollout,0.30826137516391616,0.002756542169077212,0.0013808463893454827
130,CAM,0.018889976081756903,0.00015403032535748055,7.702771013685773e-05
131,LRP,0.7822606468139609,0.006281487385761555,0.0031506766281182734
131,saliency,0.025617959949937423,0.0002111396301832966,0.00010559216083797938
131,rollout,0.056907688533972905,0.0006717086637388791,0.00033660523943465794
131,CAM,0.6277965852222549,0.0054837018088887655,0.002750393673369109
132,LRP,0.6845668564394523,0.005799126546482626,0.0029083525741763917
132,saliency,0.678082191780822,0.0065745782972506306,0.0033005781404847386
132,rollout,0.37194805194805197,0.007417051838433096,0.003744446739690351
132,CAM,0.537993490873072,0.004956038297844606,0.002485402671840558
133,LRP,0.19100662183666137,0.0015507597722662805,0.0007759956455820801
133,saliency,0.0,0.0,0.0
133,rollout,0.44730612965907085,0.005257124065387479,0.0026403872262065887
133,CAM,0.0,0.0,0.0
134,LRP,0.5246149393871186,0.005163059645285302,0.002590600763731018
134,saliency,0.20744186046511628,0.0018388165353943639,0.0009206437773896684
134,rollout,0.24003069937002333,0.002378606233716601,0.0011918510163999398
134,CAM,0.0,0.0,0.0
135,LRP,0.6965404115717269,0.0060987432358592004,0.0030597095339330695
135,saliency,0.712115958110826,0.006699037518981313,0.003362994807795414
135,rollout,0.24163469260283751,0.003529881791975515,0.0017738585780112937
135,CAM,0.24970131421744324,0.0028660105772702962,0.0014374935928529481
136,LRP,0.2030977019217847,0.0016642909108929836,0.000832918711129599
136,saliency,0.0,0.0,0.0
136,rollout,0.47867243532042164,0.004529175887805019,0.002271408594370792
136,CAM,0.029722369819341128,0.0002465716553071518,0.0001233188166188571
137,LRP,0.5568046027882275,0.00447026903337583,0.0022402843403572597
137,saliency,0.03993344425956739,0.0003162002979333213,0.0001581251485762059
137,rollout,0.2867348868483537,0.0024263064533866364,0.0012149638386660506
137,CAM,0.014146050802198044,0.00011412710126955272,5.70710699534617e-05
138,LRP,0.4238276299112801,0.0035418626130133794,0.0017741314236661917
138,saliency,0.23939551849921833,0.002432064713885639,0.0012186542703831466
138,rollout,0.07276712328767124,0.0014003889031833539,0.0007045593692071479
138,CAM,0.36718668202282484,0.0037109226198034384,0.001860609719736045
139,LRP,0.16472881709949175,0.0013080407372315147,0.0006544639596249768
139,saliency,0.3025497729654209,0.002393120896349298,0.0011980065127370138
139,rollout,0.36163814551197454,0.0030768593615185503,0.0015412819877558626
139,CAM,0.02581496573439526,0.00020558693086646226,0.00010280745491432082
140,LRP,0.614206981016534,0.005166658653681051,0.00259017180870432
140,saliency,0.7581239530988275,0.007754222333393869,0.0038960178152860595
140,rollout,0.39863025002062874,0.008231259019711744,0.004158564309687794
140,CAM,0.6460176991150443,0.006632234132092711,0.0033304668420993735
141,LRP,0.0655656889327089,0.0005649915516770797,0.00028264563754787906
141,saliency,0.14044191496484768,0.0013354290603052067,0.0006686269452142967
141,rollout,0.5035263077781724,0.0052525041885333554,0.002636254987805594
141,CAM,0.0,0.0,0.0
142,LRP,0.8457656326932546,0.007608781714561609,0.003820448378630844
142,saliency,0.1291446264998065,0.0011123285113910884,0.0005565811129398158
142,rollout,0.4039456662354463,0.0068899663003970145,0.0034723766736355142
142,CAM,0.554646017699115,0.005555278567194607,0.002787909790489747
143,LRP,0.11222487973986187,0.0008936344912954629,0.0004470169805437358
143,saliency,0.052618875211199616,0.00041995020315251607,0.0002100209089623586
143,rollout,0.18514389241167864,0.0017039806578635149,0.0008532500842706221
143,CAM,0.42619118002741124,0.0033894769553396496,0.0016976154919643453
144,LRP,0.7890779580530273,0.0076273463700773925,0.0038309501966868236
144,saliency,0.6592100664103461,0.007211113373346218,0.003623456404689744
144,rollout,0.30665460848594467,0.007721011340531894,0.0039087603686857285
144,CAM,0.43397563049022386,0.005852176654343278,0.0029423772448474777
145,LRP,0.14065438134637082,0.001128517238347696,0.0005645771867176424
145,saliency,0.021269446591176373,0.0001737098748712612,8.686858512208742e-05
145,rollout,0.242117357845233,0.002481070576066472,0.0012434695889276999
145,CAM,0.09586793807033733,0.0007695806841558564,0.0003849389909438471
146,LRP,0.6868475991649269,0.006118913633779166,0.003069696642527628
146,saliency,0.5703187250996016,0.00758435709791715,0.0038161274370632214
146,rollout,0.4512269009391094,0.0078739429053237,0.003970745244502737
146,CAM,0.4746288499889209,0.005683604710864521,0.002855097789098645
147,LRP,0.6868778280542986,0.0075303969084694646,0.003783960295836896
147,saliency,0.600418410041841,0.008524161691763937,0.004292476699229997
147,rollout,0.14340217301152858,0.008368342593847404,0.004309925791503289
147,CAM,0.0,0.0,0.0
148,LRP,0.5462822458270106,0.00617434815605665,0.00310169688667175
148,saliency,0.08494056522081399,0.0007740310085860771,0.0003873531181387521
148,rollout,0.43032212885154064,0.005269532966738485,0.0026472121345274867
148,CAM,0.0,0.0,0.0
149,LRP,0.0,0.0,0.0
149,saliency,0.0,0.0,0.0
149,rollout,0.381544805033235,0.0037842244657832463,0.0018974792022385092
149,CAM,0.0,0.0,0.0
150,LRP,0.744837081229922,0.006293014869816405,0.003156774812191673
150,saliency,0.5024171888988361,0.007228204939960304,0.0036384925541219286
150,rollout,0.37751607282340927,0.0080605535777286,0.004073529707332159
150,CAM,0.597596585804133,0.006864703670184596,0.0034498251747118285
151,LRP,0.09462693060691756,0.0007861590820011363,0.000393280686460137
151,saliency,0.0159769107869917,0.00014007595731750023,7.006724873715085e-05
151,rollout,0.27126567844925886,0.003214934376959502,0.0016131288846356312
151,CAM,0.2659538737124944,0.0021453704071643,0.0010738370927425927
152,LRP,0.44339320076972416,0.003685136106803641,0.0018459964909375926
152,saliency,0.5698568398727466,0.005718789596033163,0.0028701406562534216
152,rollout,0.7158711217183771,0.007966794178755525,0.004005111374008903
152,CAM,0.5577903682719547,0.005241511493258442,0.002629126286188875
153,LRP,0.7620439536646098,0.00684059537183529,0.0034334676022894335
153,saliency,0.0,0.0,0.0
153,rollout,0.4598657569201753,0.00801721816069155,0.004043677571100924
153,CAM,0.3023867864597513,0.0032411142935377607,0.0016252754724859202
154,LRP,0.5957571324067301,0.0063356378853097065,0.003181717314730601
154,saliency,0.551677701716979,0.00763148437493936,0.0038411891746600283
154,rollout,0.5424354243542435,0.008207399687337155,0.004134982325529062
154,CAM,0.4314490746569306,0.005330160433629627,0.002677737042628136
155,LRP,0.7913265306122449,0.006800621965329324,0.0034126013219154573
155,saliency,0.5837048595630852,0.005740109080705692,0.0028806887689992343
155,rollout,0.4252001685630004,0.007701580388720996,0.0038851068885700957
155,CAM,0.347534044902466,0.004138860580558203,0.002077594325092631
156,LRP,0.7613405146618791,0.006427157950362051,0.003224341369602485
156,saliency,0.6193171444221289,0.006844108381863718,0.003438756775881663
156,rollout,0.38344348605354545,0.006882487507521123,0.003470184093114072
156,CAM,0.5332635309278351,0.0066752901346652325,0.0033561333450932325
157,LRP,0.8418660028141574,0.007412543094102987,0.0037213085341785777
157,saliency,0.0,0.0,0.0
157,rollout,0.44955239599789365,0.00809533856617586,0.004084444710244602
157,CAM,0.5760649087221096,0.007026391789855314,0.003532803062017822
158,LRP,0.7413458141999294,0.0060727017048413795,0.003045684542543261
158,saliency,0.5353380311170027,0.00554584027647528,0.00278374478796122
158,rollout,0.4946013689385906,0.007392331743584571,0.00372266457308355
158,CAM,0.4189925119128659,0.004450537571430947,0.002233018267939699
159,LRP,0.4037880867416964,0.003550646496452069,0.001779084509235426
159,saliency,0.0027726432532347504,2.538485249587496e-05,1.2699107645800117e-05
159,rollout,0.4725893916285375,0.00670245918064164,0.0033728225187833407
159,CAM,0.4287138584247258,0.0038909742969476966,0.0019502201027478752
160,LRP,0.8111443530291698,0.007906002766554218,0.003971305532363668
160,saliency,0.47653654485049834,0.008330837712014375,0.0042020037790569936
160,rollout,0.336593198073274,0.008339797942536406,0.004222144102181014
160,CAM,0.4123014531936465,0.004452286632374328,0.0022337449283004497
161,LRP,0.8020703933747412,0.006697827528347768,0.003360538310700591
161,saliency,0.684108012394865,0.006675017277125086,0.003351429985387644
161,rollout,0.5266747586844691,0.00784640946253559,0.003952145726265331
161,CAM,0.2352162765693491,0.00246115183463552,0.0012335274852390914
162,LRP,0.5233082706766917,0.004775437782769726,0.0023945289142806815
162,saliency,0.7382532519246084,0.007616966031782551,0.00382711776472102
162,rollout,0.2774346793349169,0.006361482530432178,0.003214723875723949
162,CAM,0.10641742714159552,0.0009939203145352255,0.0004974840244324519
163,LRP,0.4573064475977097,0.004834127837286994,0.0024258254673378515
163,saliency,0.7406123627960717,0.006745726369239067,0.003385855469926103
163,rollout,0.5087042207258992,0.008115591170708415,0.004090361668524221
163,CAM,0.0,0.0,0.0
164,LRP,0.2877751154805721,0.0022975210930678462,0.0011501188423229517
164,saliency,0.013298137264667796,0.00010543022937392805,5.271789371677736e-05
164,rollout,0.21040233873851136,0.0019718564987543344,0.0009876213646865931
164,CAM,0.01875955233446729,0.00015023850115279916,7.512793467877822e-05
165,LRP,0.8230117881454425,0.007455374163676821,0.0037431491384791503
165,saliency,0.4527902048504827,0.0057785099828042,0.0029042064931593327
165,rollout,0.5590988581421664,0.0081487006683134,0.004104098359417829
165,CAM,0.49044585987261147,0.005442936027077817,0.002732793369408119
166,LRP,0.7199113535629049,0.006154402190110256,0.0030872026931694817
166,saliency,0.32053742802303264,0.005813860719740872,0.002930028035572646
166,rollout,0.4164883017196841,0.008169653133582443,0.004125286478227655
166,CAM,0.22744721689059502,0.002762853608103205,0.0013860611665283773
167,LRP,0.0,0.0,0.0
167,saliency,0.04794520547945205,0.0005409137578838538,0.0002709368609599336
167,rollout,0.011532916866890917,0.00013735939441676987,6.880936151363393e-05
167,CAM,0.513241863433312,0.0045994661359480375,0.0023058303748891705
168,LRP,0.2815253122945431,0.002470617423564913,0.0012371796464590139
168,saliency,0.49421994884910486,0.0055591675632756625,0.0027915996599922914
168,rollout,0.35879771381914677,0.008035194402905973,0.004062872533513931
168,CAM,0.2577092511013216,0.0022952679283908717,0.0011493462479247915
169,LRP,0.17176172759004257,0.0014470395793438494,0.000724182521164307
169,saliency,0.015602308694842673,0.0001354690892031621,6.776071379362318e-05
169,rollout,0.25759994990764223,0.002654703936627816,0.0013306328236132017
169,CAM,0.00032807203003681695,2.9097582136412374e-06,1.4554807258773476e-06
170,LRP,0.6878989542306125,0.005665408681218136,0.002840773655119422
170,saliency,0.7350366690324107,0.006941915360914805,0.0034852058228849138
170,rollout,0.4028619936939122,0.00738734411414136,0.0037263771302297015
170,CAM,0.5741261550823624,0.00638199999106788,0.0032058957971693217
171,LRP,0.38600334702571126,0.003081731473476242,0.001543271077766702
171,saliency,0.06102963184675247,0.0004959301621368145,0.00024804743241102836
171,rollout,0.2646091785704418,0.002326419460206069,0.001165056527807954
171,CAM,0.026467410875045012,0.00021455445468686544,0.00010729663334307357
172,LRP,0.8709466811751905,0.0072054662157498795,0.0036161027712912886
172,saliency,0.7773981603153745,0.00709835316646724,0.003563695484750835
172,rollout,0.20054342644675374,0.002525313158040064,0.0012671118073315384
172,CAM,0.5522406459964249,0.005377775363378004,0.00269837287422944
173,LRP,0.3729984912639315,0.003002465359408502,0.0015034897676770888
173,saliency,0.10350591112922951,0.000994906735820326,0.000498089838221833
173,rollout,0.0583818413529432,0.0006637096671564544,0.00033251763520520164
173,CAM,0.25701078582434517,0.0022869544097714615,0.0011452731293970307
174,LRP,0.5494168808064835,0.004595661939833948,0.0023033703209553247
174,saliency,0.5148914319248826,0.005790747673883307,0.002908320971898799
174,rollout,0.37728843277809293,0.0060207351617187896,0.003031382850892095
174,CAM,0.0034037812915802827,9.031243175253737e-05,4.5578473701220674e-05
175,LRP,0.2307176391683434,0.0020050560901724167,0.0010038354792173691
175,saliency,0.37002796067466404,0.00433593366047922,0.0021766570050154635
175,rollout,0.3525929343020797,0.00484079781330206,0.002433186843388401
175,CAM,0.0,0.0,0.0
176,LRP,0.5869375907111756,0.004836062388074873,0.002423892241087371
176,saliency,0.6027533918595371,0.0072032890489619784,0.0036214532444732678
176,rollout,0.5401154058967671,0.008129757255418698,0.0040955627307987155
176,CAM,0.24710013834202404,0.0027754867859576147,0.0013917600850160423
177,LRP,0.8769108821198053,0.008118493948084202,0.0040779872942048765
177,saliency,0.5506266616027345,0.007584294055918083,0.0038173204927287128
177,rollout,0.4225352112676056,0.008135898714319391,0.004107476871745615
177,CAM,0.0,0.0,0.0
178,LRP,0.4313352147155826,0.003679700704526647,0.0018437431328343823
178,saliency,0.4882385498823855,0.004093357198199375,0.0020512841381699885
178,rollout,0.28230880571884326,0.0027715753013983014,0.001388984165260775
178,CAM,0.0,0.0,0.0
179,LRP,0.6363920424955734,0.005185029606009882,0.0025992534059365927
179,saliency,0.15846691001428345,0.0016954815035872975,0.0008495432163102088
179,rollout,0.31250545803859925,0.006036776511482064,0.003044657385644549
179,CAM,0.4404387450600855,0.004630057475113759,0.0023231624958788433
180,LRP,0.7332573382730122,0.006820013147013295,0.0034231949731053685
180,saliency,0.3812421972534332,0.006451757727650258,0.0032502391446935157
180,rollout,0.27760776427384803,0.008321604457759011,0.00422411350159718
180,CAM,0.035846267553584624,0.0005145424550571036,0.00025810331316845767
181,LRP,0.5988827822326336,0.004916847433116414,0.0024645710952936593
181,saliency,0.5524913820119085,0.005212439043770223,0.002614736778097019
181,rollout,0.14423473597359737,0.0020655725114171438,0.001037070160002462
181,CAM,0.47876419407167087,0.004798834030407151,0.0024074710578820113
182,LRP,0.6584413278892242,0.005526034865123181,0.0027708342982819185
182,saliency,0.46006708367328436,0.0075233278755233906,0.003791314118032013
182,rollout,0.2905794372410825,0.007960094884448928,0.004034854689948946
182,CAM,0.4967916726080137,0.00518634520456589,0.0026027464802410904
183,LRP,0.6928313420394554,0.005872337018214018,0.002945221942877931
183,saliency,0.3355393778954335,0.00358220555288964,0.0017965440445627966
183,rollout,0.4179535945226322,0.006444854498083788,0.0032446459503050642
183,CAM,0.6412873784075898,0.0062825229388559925,0.003153696646273943
184,LRP,0.035416445623342174,0.00027951137258757107,0.00013977522067567795
184,saliency,0.04564456233421751,0.0003602185124683584,0.00018014170142203909
184,rollout,0.18460920827434657,0.0014623158265770755,0.0007317052744418203
184,CAM,0.022246658771781426,0.00017618762307069737,8.810277540492102e-05
185,LRP,0.7179248791372257,0.005943259649330748,0.0029805166383230675
185,saliency,0.1620341518135361,0.002000968160748547,0.0010035409556643326
185,rollout,0.3870291374448702,0.00817731311180906,0.004132272873593209
185,CAM,0.01078490113840623,0.00011104290883068733,5.5580729852178416e-05
186,LRP,0.5236124723220443,0.0041869981588818495,0.0020978910123440344
186,saliency,0.24045894138445006,0.0020153424004857507,0.0010088783329379942
186,rollout,0.13652595155709343,0.0014317520630423774,0.0007172823898010937
186,CAM,0.018685789147073018,0.00015760505452785945,7.882543699760601e-05
187,LRP,0.37865879375790806,0.003373072825010482,0.0016900133725272872
187,saliency,0.0,0.0,0.0
187,rollout,0.5405965621840243,0.00799238507255969,0.004025687902079368
187,CAM,0.455470223659391,0.005070251214036819,0.002545373226031853
188,LRP,0.15805320870034154,0.0013824815957383246,0.0006919633678488674
188,saliency,0.03548026986361209,0.0002875961661975361,0.00014382292348522096
188,rollout,0.24038092580318834,0.002703550454995654,0.001355791745193786
188,CAM,0.07379451203267916,0.0006535116321728259,0.00032699548403890185
189,LRP,0.4346714076292068,0.0037221943852984007,0.0018650878729941538
189,saliency,0.012608515915667631,0.00011422683148144977,5.7146420907613645e-05
189,rollout,0.05023167649536647,0.0005100273979340415,0.00025535215712348206
189,CAM,0.0,0.0,0.0
190,LRP,0.48593847394859385,0.003921195016209362,0.0019645258774736492
190,saliency,0.06357140212521752,0.0005089010257156551,0.00025451527439992875
190,rollout,0.21039815728858177,0.0018928550494587571,0.0009477988727508121
190,CAM,0.0,0.0,0.0
191,LRP,0.8166794352632155,0.006927945467729162,0.0034765852310820323
191,saliency,0.03545868575146389,0.0003045934934358705,0.0001523510279501239
191,rollout,0.38992452487041923,0.007910910017549564,0.003995603717737806
191,CAM,0.01903663109316412,0.00018434260911825577,9.224924628172641e-05
192,LRP,0.7110832137733142,0.005906353389114732,0.0029621671857618746
192,saliency,0.6387764282501125,0.005289868002892291,0.0026521295105812496
192,rollout,0.44346920559357333,0.0066360673935941875,0.003340562565229312
192,CAM,0.47456773543730063,0.004213538619756831,0.002111991584905125
193,LRP,0.6491388787101502,0.005396519678904794,0.0027057812303705807
193,saliency,0.35404436990165433,0.003537078391528073,0.0017733062424274593
193,rollout,0.29211494574076663,0.004758945596116361,0.00239495623438954
193,CAM,0.0,0.0,0.0
194,LRP,0.20115758728797664,0.001612093947260455,0.0008067200955297584
194,saliency,0.3511827397972446,0.0028989839286639664,0.0014518167697624932
194,rollout,0.16641891413605153,0.0015138505087110795,0.000757932174473343
194,CAM,0.010908042058892939,8.939431056786876e-05,4.470435057151718e-05
195,LRP,0.5701326834551855,0.0068906946985341526,0.003463944866435353
195,saliency,0.7688995215311005,0.00789213912821411,0.003965727428421951
195,rollout,0.4667655511263558,0.008210669304082586,0.004141762622299217
195,CAM,0.43442041829138606,0.00402223965393313,0.00201617878594943
196,LRP,0.1976275533571494,0.0016558820075660184,0.0008287642462461206
196,saliency,0.04294614059117218,0.00037318733466687654,0.00018668802951361045
196,rollout,0.2389774620117619,0.002692443654967367,0.0013502230941159275
196,CAM,0.4480355160932297,0.0038680063899526884,0.0019383288002585975
197,LRP,0.5031521488429307,0.004038501055520827,0.0020233361503498443
197,saliency,0.37211193170268986,0.003388289701854259,0.0016979390538194431
197,rollout,0.06164351744321085,0.0008180358724449671,0.00041026313263262945
197,CAM,0.0,0.0,0.0
198,LRP,0.3180084976576969,0.0026238673953689054,0.0013136742735862814
198,saliency,0.35207903593529477,0.0029146422350803214,0.0014594880675711922
198,rollout,0.20815986677768525,0.0031345491801810514,0.0015751490090962605
198,CAM,0.29541484716157207,0.0024326569360389226,0.0012178152053184232
199,LRP,0.5800076258261312,0.0046852641589098685,0.002348132890891961
199,saliency,0.03730299949161159,0.0003019931807161663,0.0001510193937716206
199,rollout,0.20614203454894434,0.002205158819172357,0.0011052458528839559
199,CAM,0.6557781201848999,0.0054591440277656994,0.0027373873078876372
